date,gross_ret_5d,cost,net_ret_5d,turnover,equity,drawdown
2018-06-25,-0.0003621609221273641,0.004,-0.004362160922127364,2.0,0.9956378390778726,0.0
2018-07-02,0.0073556258160094815,0.0031,0.004255625816009481,1.5499999999999998,0.9998749011692484,0.0
2018-07-10,-0.003548734476727266,0.0031,-0.006648734476727266,1.5499999999999998,0.99322699844143,-0.006648734476727314
2018-07-17,-0.004640381383747038,0.0029,-0.007540381383747038,1.45,0.9857376880725474,-0.014138981866800626
2018-07-24,0.003667412880122933,0.0031,0.0005674128801229331,1.5499999999999998,0.9862970083331823,-0.013579591627100651
2018-07-31,0.05296067682388059,0.003,0.049960676823880584,1.5,1.0355730744188767,0.0
2018-08-07,-0.028600621147543,0.0034999999999999996,-0.032100621147543,1.7499999999999998,1.00233053548636,-0.03210062114754286
2018-08-14,-0.0017399129532825039,0.0026,-0.004339912953282504,1.2999999999999998,0.9979805082119322,-0.03630122019929882
2018-08-21,-0.010380179930613149,0.0032,-0.013580179930613149,1.6,0.9844277533431695,-0.04938842302790458
2018-08-28,-0.022501288584364974,0.0031000000000000003,-0.025601288584364973,1.55,0.959225134339373,-0.07372530434160551
2018-09-05,-0.01691764748033431,0.0028999999999999994,-0.01981764748033431,1.4499999999999997,0.9402155487727589,-0.09208188973011755
2018-09-12,0.04163964130293869,0.003,0.03863964130293869,1.5,0.9765451403247839,-0.057000259616847404
2018-09-19,0.005270292992446114,0.0036999999999999997,0.0015702929924461145,1.8499999999999999,0.9780786023154433,-0.0555194737326451
2018-09-26,0.018617492431949333,0.0032999999999999995,0.015317492431949334,1.6499999999999997,0.9930603139042616,-0.041052400419421486
2018-10-03,-0.009723571826264484,0.0037,-0.013423571826264484,1.85,0.979729897452755,-0.05392490240001535
2018-10-10,0.05067854007390433,0.0032999999999999995,0.04737854007390433,1.6499999999999997,1.0261480696608225,-0.009101245475451436
2018-10-17,0.053453989153452515,0.0038047619047619045,0.049649227248690614,1.9023809523809523,1.077095528362218,0.0
2018-10-24,0.033701400766966205,0.003804761904761904,0.0298966388622043,1.902380952380952,1.1092970643937583,0.0
2018-10-31,0.018254049238343024,0.0035095238095238087,0.014744525428819214,1.7547619047619043,1.1256531231678266,0.0
2018-11-07,-0.005107510787394592,0.003128571428571428,-0.00823608221596602,1.564285714285714,1.1163821514987575,-0.008236082215965945
2018-11-14,-0.021733032404623043,0.0030190476190476187,-0.024752080023670662,1.5095238095238093,1.0887493711478626,-0.032784302073545546
2018-11-21,0.06254199189995108,0.002919047619047619,0.05962294428090346,1.4595238095238094,1.1536638142396805,0.0
2018-11-29,-0.011269722290244595,0.003609523809523809,-0.014879246099768404,1.8047619047619046,1.1364981664312108,-0.014879246099768317
2018-12-07,-0.031067767171857445,0.002833333333333333,-0.033901100505190775,1.4166666666666665,1.0979696278670612,-0.04827592378748946
2018-12-14,0.01343425456448464,0.0024380952380952375,0.010996159326389402,1.2190476190476187,1.110043076830624,-0.03781061421069587
2018-12-21,0.047183012137820994,0.0033190476190476186,0.04386396451877338,1.6595238095238092,1.1587339669670325,0.0
2018-12-31,-0.0543549806752367,0.0034142857142857143,-0.057769266389522414,1.707142857142857,1.0917947557547258,-0.05776926638952251
2019-01-08,0.016332075736777356,0.0023619047619047617,0.013970170974872595,1.1809523809523808,1.1070473151620885,-0.04460614194320456
2019-01-15,-0.003207353689532308,0.0033190476190476186,-0.006526401308579927,1.6595238095238092,1.0998222801157547,-0.0508414256686357
2019-01-23,0.025488202890439224,0.0030476190476190473,0.022440583842820175,1.5238095238095235,1.1245029342048938,-0.029541753101221202
2019-01-30,-0.02927109949030238,0.0037142857142857142,-0.032985385204588095,1.857142857142857,1.0874107717564558,-0.061552692200146586
2019-02-06,0.0002764409816212772,0.0028571428571428563,-0.002580701875521579,1.4285714285714282,1.0846044887383215,-0.06397454492746402
2019-02-13,-0.015897252210405204,0.002666666666666666,-0.018563918877071872,1.333333333333333,1.0644699789956753,-0.08135084554230476
2019-02-21,-0.0017969994010288333,0.0027619047619047614,-0.0045589041629335945,1.3809523809523807,1.059617162377114,-0.08553887899683743
2019-02-28,0.008088821613337984,0.0029523809523809516,0.005136440660957033,1.4761904761904758,1.0650598230549957,-0.08084180371205252
2019-03-07,0.008071687625705683,0.0030476190476190477,0.0050240685780866354,1.5238095238095237,1.0704107566457888,-0.07622388989979145
2019-03-14,-0.021394102726312106,0.002952380952380952,-0.02434648367869306,1.476190476190476,1.0443500186296146,-0.09871458988711268
2019-03-21,0.03671071851168569,0.0029523809523809516,0.03375833755930474,1.4761904761904758,1.0796055390885793,-0.06828869277524552
2019-03-28,0.060135639101174226,0.003714285714285714,0.056421353386888515,1.8571428571428568,1.1405183447279381,-0.015720279855757968
2019-04-04,0.013921107071304699,0.0038095238095238095,0.010111583261780889,1.9047619047619047,1.152050790932243,-0.005767653512637194
2019-04-11,0.04330752298295577,0.003333333333333333,0.03997418964962244,1.6666666666666665,1.198103087734966,0.0
2019-04-18,0.07595277724706141,0.003238095238095238,0.07271468200896618,1.6190476190476188,1.2852227727735746,0.0
2019-04-26,0.01597546047020697,0.003904761904761905,0.012070698565445067,1.9523809523809523,1.3007363094531699,0.0
2019-05-03,0.035633140521699025,0.0033333333333333322,0.03229980718836569,1.666666666666666,1.3427498414514139,0.0
2019-05-10,-0.03078891819544575,0.003714285714285714,-0.03450320390973146,1.8571428571428568,1.2964206698720562,-0.034503203909731384
2019-05-17,-0.018756483860111476,0.002571428571428571,-0.021327912431540048,1.2857142857142854,1.2687707233505865,-0.05509523502967717
2019-05-24,0.0006998186479280398,0.0030476190476190473,-0.0023478003996910074,1.5238095238095235,1.2657919029391878,-0.05731368281454441
2019-06-03,0.017342539322814033,0.0030476190476190473,0.014294920275194986,1.5238095238095235,1.2838862972766907,-0.04383805706586119
2019-06-10,0.010729310539320367,0.0032380952380952383,0.007491215301225129,1.619047619047619,1.2935041659518831,-0.03667524208850381
2019-06-17,0.03754955403151819,0.0030476190476190473,0.03450193498389914,1.5238095238095235,1.3381325625869576,-0.003438673922661062
2019-06-24,-0.041493722423471414,0.003619047619047618,-0.04511277004251903,1.809523809523809,1.2777656960045656,-0.048396315859255856
2019-07-01,0.05340075972907736,0.0024761904761904756,0.05092456925288688,1.2380952380952377,1.3428353636797132,0.0
2019-07-09,0.010163033412725191,0.0035238095238095232,0.006639223888915668,1.7619047619047616,1.3517507483051363,0.0
2019-07-16,-0.037176117522134,0.003333333333333333,-0.04050945085546733,1.6666666666666665,1.2969920677978282,-0.04050945085546731
2019-07-23,-0.004679888857562367,0.002285714285714285,-0.006965603143276652,1.1428571428571426,1.2879577357735708,-0.04719288124053278
2019-07-30,0.021173525036563706,0.0033333333333333322,0.017840191703230375,1.666666666666666,1.31093514868543,-0.030194619585661164
2019-08-06,-0.008568987591673953,0.003333333333333333,-0.011902320925007287,1.6666666666666665,1.2953319778339039,-0.041737554458151305
2019-08-13,0.008121313989083114,0.0030476190476190473,0.0050736949414640665,1.5238095238095235,1.3019040971373563,-0.03687562313561066
2019-08-20,0.0018619996441936902,0.003142857142857142,-0.001280857498663452,1.571428571428571,1.3002365435119974,-0.03810924821586292
2019-08-27,0.01772971912543584,0.0033333333333333327,0.014396385792102508,1.6666666666666663,1.3189552504133861,-0.02426149786332288
2019-09-04,-0.0785127379531571,0.003238095238095238,-0.08175083319125233,1.6190476190476188,1.211129559750115,-0.1040289333897807
2019-09-11,0.03580314160323042,0.002571428571428571,0.03323171303180185,1.2857142857142854,1.2513774697240634,-0.0742542800193925
2019-09-18,-0.011471444820626939,0.0035238095238095232,-0.014995254344436462,1.7619047619047616,1.2326127462846537,-0.0881360725487752
2019-09-25,0.014182497962464775,0.002857142857142857,0.011325355105321918,1.4285714285714286,1.2465725233436733,-0.07780888976265665
2019-10-02,0.003579731220005558,0.0032380952380952374,0.0003416359819103207,1.6190476190476186,1.2469983973717083,-0.07749383609720173
2019-10-09,0.039589257174096365,0.0032380952380952383,0.036351161936001124,1.619047619047619,1.292328238048501,-0.04395966514621197
2019-10-16,-0.05636275483664892,0.003333333333333333,-0.05969608816998225,1.6666666666666665,1.2151812976054,-0.10103153326970304
2019-10-23,0.06510604261424076,0.0020952380952380953,0.06301080451900266,1.0476190476190477,1.291750848803962,-0.044386806943812585
2019-10-30,0.02157105408191834,0.0037186147186147184,0.01785243936330362,1.8593073593073592,1.3148117525047307,-0.02732678036000402
2019-11-06,0.006290662431763745,0.0035454545454545456,0.0027452078863091996,1.7727272727272727,1.3184211840967188,-0.024656590166646564
2019-11-13,-0.03861667221640688,0.003181818181818182,-0.041798490398225065,1.5909090909090908,1.2633131688924357,-0.0654244723175379
2019-11-20,0.013724129933673897,0.002545454545454546,0.011178675388219352,1.272727272727273,1.2774353367211468,-0.05497715586780205
2019-11-27,0.014081812118657812,0.003090909090909091,0.01099090302774872,1.5454545454545456,1.2914755046312685,-0.04459050142893772
2019-12-05,-0.029058518928778896,0.0034545454545454545,-0.03251306438332435,1.7272727272727273,1.2494856783997057,-0.07565379196841837
2019-12-12,0.01793828772661706,0.0027272727272727275,0.015211014999344331,1.3636363636363638,1.2684916237953094,-0.061593547933462944
2019-12-19,0.004862944690466023,0.003363636363636364,0.0014993083268296592,1.6818181818181819,1.2703934838493796,-0.06018658732592885
2019-12-27,0.010781083370106546,0.003,0.007781083370106546,1.5,1.2802785214600518,-0.052873820809567484
2020-01-06,-0.011797396264258303,0.0030909090909090908,-0.014888305355167393,1.5454545454545454,1.2612173438928924,-0.06697492457522758
2020-01-13,-0.010631342454457536,0.0029090909090909098,-0.013540433363548446,1.4545454545454548,1.244139914490959,-0.07960848843553647
2020-01-21,-0.00028187639912171346,0.002818181818181818,-0.0031000582173035317,1.4090909090909092,1.240283008325566,-0.0824617557040983
2020-01-28,-0.025998684634437014,0.003272727272727273,-0.02927141190716429,1.6363636363636365,1.2039781735074115,-0.10931939559346004
2020-02-04,0.012648533797171919,0.0029090909090909093,0.009739442888081009,1.4545454545454546,1.2157042501667832,-0.10064466271532091
2020-02-11,0.017514584914072404,0.003272727272727273,0.014241857641345132,1.6363636363636365,1.2330181370316369,-0.08783617203272853
2020-02-19,0.04284007713665509,0.003181818181818182,0.039658258954836906,1.5909090909090908,1.2819174896060481,-0.051661342733967164
2020-02-26,0.0001716849368673379,0.0036363636363636364,-0.0034646786994962982,1.8181818181818181,1.2774760573852983,-0.05494703147970559
2020-03-04,-0.025941981688641015,0.003,-0.028941981688641014,1.5,1.2405033687247757,-0.08229873718941583
2020-03-11,-0.08831612974404739,0.0029090909090909093,-0.09122522065313829,1.4545454545454546,1.1273381751918967,-0.166016237382975
2020-03-18,0.2726935074479932,0.0028418972332015817,0.2698516102147916,1.4209486166007907,1.431552197024035,0.0
2020-03-25,0.07921480591213145,0.004,0.07521480591213145,2.0,1.5392261176762831,0.0
2020-04-01,0.09686821171290441,0.0038260869565217392,0.09304212475638267,1.9130434782608696,1.6824389861454023,0.0
2020-04-08,0.09522314468024633,0.004,0.09122314468024632,2.0,1.8359163611942313,0.0
2020-04-16,-0.0022634842510810796,0.003731225296442688,-0.005994709547523768,1.865612648221344,1.824910575855325,-0.005994709547523791
2020-04-23,0.0029241084652922972,0.0031185770750988143,-0.00019446860980651707,1.5592885375494072,1.8245556880326173,-0.006188012374498397
2020-04-30,0.07615657845601788,0.0029288537549407123,0.07322772470107716,1.4644268774703562,1.958163749657654,0.0
2020-05-07,-0.06201148233264395,0.0033794466403162062,-0.06539092897296016,1.689723320158103,1.830117602986365,-0.06539092897296017
2020-05-14,0.00625459474344924,0.002225296442687747,0.004029298300761493,1.1126482213438735,1.8374916927342717,-0.06162511023119466
2020-05-21,0.023343879398690745,0.0031185770750988143,0.02022530232359193,1.5592885375494072,1.8746555177369109,-0.04264619439275341
2020-05-29,-0.011298045264139743,0.0031106719367588937,-0.014408717200898636,1.5553359683794468,1.8476441365327354,-0.05644043463895232
2020-06-05,0.06882532304500688,0.0027588932806324115,0.06606642976437446,1.3794466403162058,1.9697113881085337,0.0
2020-06-12,-0.07355146917822636,0.0037351778656126485,-0.077286647043839,1.8675889328063242,1.8174789992775593,-0.07728664704383903
2020-06-19,-0.03157300080802305,0.0023043478260869566,-0.03387734863411,1.1521739130434783,1.75590762958386,-0.10854572899128345
2020-06-26,0.031776005547105385,0.00266403162055336,0.029111973926552025,1.33201581027668,1.807025566713739,-0.08259373549696436
2020-07-06,-0.012374962071281009,0.003549407114624507,-0.015924369185905514,1.7747035573122534,1.7782498244610192,-0.0972028515463732
2020-07-13,0.02625893700844194,0.003027667984189723,0.023231269024252217,1.5138339920948616,1.8195608245254025,-0.07622972811631923
2020-07-20,-0.0014665048450140433,0.0034703557312252965,-0.00493686057623934,1.7351778656126482,1.8105779064247336,-0.08079025315308364
2020-07-27,0.04296970664772661,0.0032924901185770756,0.03967721652914954,1.6462450592885378,1.8824165980608418,-0.04431856899173381
2020-08-03,0.08693791896132906,0.003371541501976285,0.08356637745935278,1.6857707509881423,2.039723334030145,0.0
2020-08-10,0.03578232217898685,0.003557312252964427,0.032225009926022424,1.7786561264822136,2.105453438715606,0.0
2020-08-17,-0.010739022781957246,0.003549407114624506,-0.014288429896581752,1.774703557312253,2.075369814856001,-0.014288429896581634
2020-08-24,-0.06352391822052311,0.003110671936758894,-0.066634590157282,1.555335968379447,1.9370783978182773,-0.0799709163837139
2020-08-31,0.01342855461646092,0.0024822134387351784,0.01094634117772574,1.241106719367589,1.9582823188487986,-0.06989996414101962
2020-09-08,0.017291882626487814,0.0031067193675889337,0.01418516325889888,1.5533596837944668,1.986060873248684,-0.05670634328525226
2020-09-15,-0.020244112349966367,0.003027667984189723,-0.02327178033415609,1.5138339920948616,1.9398417008761784,-0.07865846605492066
2020-09-22,0.006565671246883835,0.002936758893280633,0.003628912353603202,1.4683794466403164,1.9468812163885227,-0.0753149983804996
2020-09-29,-0.014550429986507414,0.003292490118577076,-0.01784292010508449,1.646245059288538,1.9121431703904126,-0.0918140789867663
2020-10-06,-0.016844464543612134,0.0028418972332015812,-0.019686361776813717,1.4209486166007905,1.8745000281690434,-0.1096929555884415
2020-10-13,0.03642578700359803,0.003209486166007906,0.033216300837590126,1.6047430830039529,1.9367639850247773,-0.08012024896344161
2020-10-20,-0.0389485878256857,0.003474308300395258,-0.04242289612608096,1.7371541501976289,1.8546008476673366,-0.11914421209015069
2020-10-27,0.0168231109004277,0.0025770750988142297,0.01424603580161347,1.2885375494071147,1.8810215577409082,-0.10659550899952852
2020-11-03,-0.054649983491856076,0.003114624505928854,-0.05776460799778493,1.5573122529644268,1.7723650848226218,-0.15820266920563142
2020-11-10,0.003637482699990907,0.002845849802371542,0.0007916328976193647,1.422924901185771,1.7737681473303595,-0.1575362747454463
2020-11-17,-0.030441745634999812,0.003193675889328064,-0.03363542152432788,1.596837944664032,1.7141067080084769,-0.18587289726333867
2020-11-24,0.013061401069177584,0.002754940711462451,0.010306460357715133,1.3774703557312256,1.73177308084346,-0.17748212855284173
2020-12-02,0.010373960956851936,0.003205533596837945,0.007168427360013991,1.6027667984189724,1.7441871703775138,-0.17158596893905953
2020-12-09,-0.0049661767835386915,0.003205533596837945,-0.008171710380376637,1.6027667984189724,1.72993417797202,-0.17835552847592995
2020-12-16,-0.05123542694630276,0.0031146245059288542,-0.05435005145223161,1.557312252964427,1.635912166390267,-0.2230119477787047
2020-12-23,0.056741289927459644,0.002403162055335969,0.05433812787212368,1.2015810276679844,1.7248045708751443,-0.18079187164199162
2020-12-31,0.005465221492366281,0.0036442687747035582,0.0018209527176627225,1.822134387351779,1.7279453584459163,-0.17930013237432674
2021-01-08,-0.02833412631999925,0.0032924901185770756,-0.031626616438576324,1.6462450592885378,1.673296293367529,-0.20525609229891428
2021-01-15,0.025210839376047126,0.0027588932806324115,0.022451946095414715,1.3794466403162058,1.710865051547874,-0.1874125449235502
2021-01-25,0.005394294784261839,0.003383399209486166,0.0020108955747756728,1.691699604743083,1.7143054225090701,-0.18577851640601872
2021-02-01,0.051490610574366366,0.0032055335968379454,0.04828507697752842,1.6027667984189726,1.797080791797915,-0.1464637693939259
2021-02-08,-0.007766752429573417,0.0036442687747035582,-0.011411021204276974,1.822134387351779,1.7765742647769103,-0.1562034894199904
2021-02-16,0.023959742310976122,0.0032055335968379454,0.020754208714138175,1.6027667984189726,1.8134456578642568,-0.13869116052715136
2021-02-23,-0.039445726234894986,0.003462450592885376,-0.042908176827780364,1.731225296442688,1.735634010909047,-0.17564835251458266
2021-03-02,-0.06711824706061943,0.0023162055335968386,-0.06943445259421627,1.1581027667984192,1.6151212134576731,-0.23288675790287294
2021-03-09,0.012429029674937772,0.002395256916996048,0.010033772757941723,1.197628458498024,1.6313269726900386,-0.22518971795206244
2021-03-16,0.03356658713466237,0.003478260869565218,0.030088326265097155,1.7391304347826089,1.6804108708893895,-0.2018769733922523
2021-03-23,-0.006459146943164984,0.0035652173913043473,-0.010024364334469332,1.7826086956521736,1.6635658200879915,-0.20987764939469766
2021-03-30,0.039943330117987744,0.003148550724637682,0.03679477939335006,1.5742753623188408,1.7247763574444466,-0.1808052718104204
2021-04-07,-0.02091499755323759,0.0035797101449275364,-0.024494707698165124,1.789855072463768,1.682528464724139,-0.20087120722530183
2021-04-14,0.027358747071258627,0.002811594202898551,0.024547152868360074,1.4057971014492754,1.7238297481530895,-0.1812548705875533
2021-04-21,0.015355023726486693,0.0036594202898550727,0.01169560343663162,1.8297101449275364,1.7439909772797566,-0.1716791522382718
2021-04-28,0.09062441667445145,0.003405797101449275,0.08721861957300217,1.7028985507246375,1.896099462865868,-0.09943415133295486
2021-05-05,-0.05813929035860459,0.003916666666666666,-0.06205595702527125,1.958333333333333,1.778435196082624,-0.1553196269362639
2021-05-12,0.03683033771565793,0.0023007246376811597,0.03452961307797677,1.1503623188405798,1.8398438752876127,-0.12615314047981208
2021-05-19,-0.0003631204346062492,0.0034094202898550725,-0.0037725407244613217,1.7047101449275361,1.8329029893414395,-0.1294497633442946
2021-05-26,0.027431918665588213,0.0030615942028985503,0.024370324462689663,1.5307971014492752,1.877571429900324,-0.10823417161592375
2021-06-03,0.058838473396717245,0.0034999999999999996,0.05533847339671724,1.7499999999999998,1.9814733665242996,-0.05888521204579
2021-06-10,-0.06148644247998649,0.003666666666666667,-0.06515310914665316,1.8333333333333335,1.8523742160039556,-0.1202017665449
2021-06-17,-0.022812765328292628,0.0019999999999999996,-0.024812765328292626,0.9999999999999999,1.8064116892820694,-0.1420319936478679
2021-06-24,-0.0007398396898602526,0.002416666666666666,-0.0031565063565269186,1.208333333333333,1.8007097393023461,-0.14474017511361503
2021-07-01,0.030911363527316986,0.002999999999999999,0.027911363527316987,1.4999999999999996,1.850970003443194,-0.1208687072309017
2021-07-09,-0.02061157736245873,0.003499999999999999,-0.02411157736245873,1.7499999999999996,1.806340197009583,-0.14206594940826223
2021-07-16,0.04350843345624771,0.0028333333333333327,0.04067510012291438,1.4166666666666663,1.8798132653789927,-0.1071693960015857
2021-07-23,0.020285155055067287,0.0035833333333333338,0.016701821721733952,1.7916666666666667,1.911209571407503,-0.09225749842589626
2021-07-30,-0.04917311149388268,0.003166666666666666,-0.05233977816054935,1.583333333333333,1.8111772864217157,-0.13976853958518698
2021-08-06,-0.0035941026345965533,0.002499999999999999,-0.006094102634596553,1.2499999999999996,1.8001397861488118,-0.1450108783944637
2021-08-13,-0.010512095385348839,0.0028333333333333335,-0.013345428718682172,1.4166666666666667,1.776116148949099,-0.156421074772099
2021-08-20,0.04929311416160014,0.0029999999999999996,0.04629311416160014,1.4999999999999998,1.8583380965966612,-0.11736917928220392
2021-08-27,-0.01926958984349949,0.0035833333333333325,-0.022852923176832823,1.7916666666666663,1.8158696388385558,-0.13753987362157272
2021-09-03,0.013548778021675398,0.002749999999999999,0.0107987780216754,1.3749999999999996,1.8354788119846732,-0.12822635816426597
2021-09-13,-0.00031600833381933047,0.0034166666666666664,-0.003732675000485997,1.7083333333333333,1.8286275661092561,-0.13148040584322884
2021-09-20,0.009354197771812225,0.0035,0.0058541977718122255,1.75,1.8393327135322475,-0.12639592037034098
2021-09-27,-0.01357574202172799,0.003333333333333333,-0.016909075355061323,1.6666666666666665,1.8082312980761013,-0.14116775758328792
2021-10-04,0.011073891446605274,0.0029500000000000004,0.008123891446605275,1.475,1.8229211728520258,-0.13419069767504987
2021-10-11,-0.03615473790554624,0.0031200000000000004,-0.03927473790554624,1.56,1.7513264215657915,-0.16819513110004614
2021-10-18,-0.009570897360632038,0.0026399999999999996,-0.012210897360632038,1.3199999999999998,1.7299411543870886,-0.17835221497825748
2021-10-25,-0.04952752210568369,0.0031200000000000004,-0.052647522105683686,1.56,1.6388640392199625,-0.22160993490327574
2021-11-01,-0.03707507305105165,0.00296,-0.040035073051051646,1.48,1.5732519976890496,-0.25277283802163597
2021-11-08,0.03047486493626165,0.0031200000000000004,0.027354864936261648,1.56,1.6162880935965374,-0.2323325399290117
2021-11-15,0.004223763731527618,0.00328,0.0009437637315276182,1.64,1.6178134876789738,-0.23160804322232276
2021-11-22,-0.03426141920152826,0.00312,-0.03738141920152826,1.5599999999999998,1.5573373235061596,-0.26033162506971164
2021-11-30,0.038073773065504274,0.00256,0.035513773065504274,1.28,1.612644247799597,-0.23406321025870713
2021-12-07,-0.005320542492130577,0.0034399999999999995,-0.008760542492130576,1.7199999999999998,1.5985166093420589,-0.2407732320515218
2021-12-14,0.010713095031431285,0.00304,0.007673095031431285,1.52,1.6107821791948618,-0.2349476129106467
2021-12-21,0.011315824992420825,0.0032800000000000004,0.008035824992420825,1.6400000000000001,1.623726142887782,-0.2287997858179628
2021-12-29,-0.02131491602930511,0.00304,-0.02435491602930511,1.52,1.5841804290231627,-0.2475823022761484
2022-01-05,0.026795902978838083,0.0032,0.023595902978838082,1.6,1.6215605967273674,-0.2298283272810956
2022-01-12,-0.01984680445481468,0.0034400000000000003,-0.02328680445481468,1.7200000000000002,1.5837996321997445,-0.2477631644203383
2022-01-20,-0.043569487528699116,0.0028,-0.04636948752869911,1.4,1.5103596549065004,-0.28264400098637743
2022-01-27,0.0001678434873362781,0.0027199999999999998,-0.0025521565126637217,1.3599999999999999,1.5065049806767663,-0.28447480577115847
2022-02-03,0.010307086592084909,0.0032800000000000004,0.007027086592084909,1.6400000000000001,1.5170913216273891,-0.27944674827249394
2022-02-10,0.06529444383356374,0.00304,0.06225444383356374,1.52,1.6115369981000283,-0.2345891063337323
2022-02-17,0.020669918506128645,0.0038400000000000005,0.016829918506128645,1.9200000000000002,1.638659034447663,-0.22170730336962585
2022-02-25,-0.03895766928274733,0.0032800000000000004,-0.04223766928274733,1.6400000000000001,1.5694458960834765,-0.2545805728950773
2022-03-04,-0.04191943959617228,0.0025600000000000006,-0.04447943959617228,1.2800000000000002,1.499637822149171,-0.28773641127680394
2022-03-11,0.11211922002414564,0.00256,0.10955922002414563,1.28,1.6639369722625426,-0.20970136804469186
2022-03-18,0.025384154394565865,0.003920000000000001,0.021464154394565865,1.9600000000000002,1.6996519723380124,-0.19273827619058892
2022-03-25,0.018175898069526866,0.0032800000000000004,0.014895898069526866,1.6400000000000001,1.7249698148716297,-0.1807133878372933
2022-04-01,0.02034735828636771,0.00344,0.01690735828636771,1.72,1.7541344975648336,-0.16686141554623413
2022-04-08,0.0009341484915512174,0.0034461538461538466,-0.0025120053546026293,1.7230769230769232,1.7497281023142577,-0.16895426413150794
2022-04-18,-0.03573051515506247,0.003129230769230769,-0.03885974592429323,1.5646153846153845,1.68173411282173,-0.20124849027882474
2022-04-25,0.020632120599161665,0.002769230769230769,0.017862889829930895,1.3846153846153846,1.7117747440023012,-0.18698048005918444
2022-05-02,-0.10137235086728354,0.0031538461538461533,-0.1045261970211297,1.5769230769230766,1.5328494398549228,-0.2719623185825424
2022-05-09,0.01674937781595893,0.0025384615384615385,0.014210916277497394,1.2692307692307692,1.55463263491071,-0.2616162360450556
2022-05-16,-0.014511283493906253,0.003384615384615385,-0.017895898878521638,1.6923076923076923,1.5268110864830984,-0.2748302772183354
2022-05-23,-0.022898265973033884,0.003,-0.025898265973033883,1.5,1.4872693268747823,-0.2936109155745261
2022-05-31,0.05390468902731559,0.0028461538461538463,0.05105853518116175,1.4230769230769231,1.563207120124881,-0.2575437236557996
2022-06-07,0.0034543175384163134,0.003230769230769231,0.00022354830764708235,1.6153846153846154,1.563556572431087,-0.2573777488117208
2022-06-14,0.06065819105917573,0.003230769230769231,0.057427421828406496,1.6153846153846154,1.6533475952686645,-0.2147308675335705
2022-06-22,-0.03602793561566097,0.003384615384615385,-0.03941255100027635,1.6923076923076923,1.5881849488489541,-0.24568032726584643
2022-06-29,-0.030379202089022977,0.0026153846153846153,-0.032994586704407594,1.3076923076923077,1.5357834428515222,-0.2705687931107138
2022-07-07,0.09682604290120808,0.0023846153846153848,0.0944414275165927,1.1923076923076923,1.6808250235507676,-0.20168026865693844
2022-07-14,0.055750549729597296,0.003846153846153846,0.05190439588344345,1.923076923076923,1.768067230983945,-0.16024396527974394
2022-07-21,0.05645868899375141,0.003615384615384615,0.05284330437836679,1.8076923076923075,1.8614977458322455,-0.1158684815334512
2022-07-28,0.07053176881249053,0.0036153846153846154,0.06691638419710591,1.8076923076923077,1.9860624441744026,-0.056705597162972965
2022-08-04,-0.024298301432931654,0.003769230769230769,-0.02806753220216242,1.8846153846153846,1.9303185725670322,-0.08318154319072069
2022-08-11,-0.009575256546433701,0.003,-0.0125752565464337,1.5,1.9060443213006562,-0.09471077049160281
2022-08-18,0.02858354795296445,0.003076923076923077,0.025506624876041373,1.5384615384615383,1.954661078801181,-0.0716198977102116
2022-08-25,0.006295891015458618,0.002769230769230769,0.0035266602462278493,1.3846153846153846,1.961554504322638,-0.0683458165100772
2022-09-01,0.04470737919373276,0.0034615384615384616,0.0412458407321943,1.7307692307692308,2.0424604689954475,-0.02991895644036946
2022-09-09,0.018525628913590657,0.0035384615384615385,0.014987167375129118,1.7692307692307692,2.073071165901367,-0.01538018947310138
2022-09-16,0.005540871596133715,0.0033076923076923075,0.002233179288441407,1.6538461538461537,2.0777007054925227,-0.01318135690524369
2022-09-23,0.016446587618971706,0.0033076923076923075,0.0131388953112794,1.6538461538461537,2.10499939755016,-0.00021565006240298334
2022-09-30,0.013299475179606718,0.003384615384615385,0.009914859794991333,1.6923076923076923,2.1258701714454116,0.0
2022-10-07,0.0174197325254978,0.0033846153846153844,0.014035117140882413,1.692307692307692,2.1557070083279557,0.0
2022-10-14,0.005642422945325208,0.003384615384615385,0.0022578075607098233,1.6923076923076923,2.1605741799100335,0.0
2022-10-21,-0.004817276925724895,0.003230769230769231,-0.008048046156494126,1.6153846153846154,2.143185779185588,-0.008048046156494237
2022-10-28,0.0024036046092219925,0.003153846153846154,-0.0007502415446241618,1.576923076923077,2.141577872176195,-0.00879224972253878
2022-11-04,0.08147064912334608,0.003,0.07847064912334607,1.5,2.3096288779540552,0.0
2022-11-11,0.05845900037872901,0.0036923076923076927,0.054766692686421314,1.8461538461538463,2.4361196129326492,0.0
2022-11-18,4.038413103850391e-05,0.0034615384615384616,-0.0034211543304999577,1.7307692307692308,2.427785271769249,-0.0034211543304999426
2022-11-28,0.01025140359383593,0.0030769230769230774,0.0071744805169128515,1.5384615384615385,2.445203369900806,0.0
2022-12-05,0.036797645639057665,0.003,0.03379764563905766,1.5,2.5278454869121427,0.0
2022-12-12,-0.0008400639106266438,0.003153846153846154,-0.0039939100644727984,1.576923076923077,2.5177494993805323,-0.003993910064472805
2022-12-19,-0.04550751718462449,0.002769230769230769,-0.048276747953855254,1.3846153846153846,2.396200741387993,-0.05207784502879509
2022-12-27,0.009671807415037379,0.002230769230769231,0.007441038184268148,1.1153846153846154,2.414030962601833,-0.04502432007794055
2023-01-04,-0.0052569093088043655,0.003230769230769231,-0.008487678539573596,1.6153846153846154,2.3935414438066913,-0.05312984666222964
2023-01-11,0.008054864739225962,0.003153846153846154,0.004901018585379807,1.576923076923077,2.4052722349076645,-0.04848921844277987
2023-01-19,-0.01354521181844353,0.0032307692307692315,-0.01677598104921276,1.6153846153846156,2.3649214334766557,-0.06445174528230557
2023-01-26,-0.09197117482902051,0.0030000000000000005,-0.09497117482902051,1.5000000000000002,2.1403220665610463,-0.15330186214208474
2023-02-02,0.023326762124149948,0.0026153846153846153,0.02071137750876533,1.3076923076923077,2.1846510848719327,-0.13576557737294093
2023-02-09,0.06115796988178639,0.0036153846153846154,0.057542585266401776,1.8076923076923077,2.310361556200513,-0.08603529441876379
2023-02-16,0.033199304067134366,0.0032307692307692315,0.029968534836365135,1.6153846153846156,2.379599706982107,-0.05864511130034433
2023-02-24,0.04296179708057911,0.0033846153846153852,0.03957718169596372,1.6923076923076925,2.473777556949,-0.021388937829894372
2023-03-03,0.0023736221296756684,0.0034615384615384616,-0.0010879163318627933,1.7307692307692308,2.4710862939433995,-0.022453584786970793
2023-03-10,-0.011714915201679305,0.003307692307692308,-0.015022607509371613,1.653846153846154,2.4339641344277,-0.037138880904909355
2023-03-17,0.017159200614826807,0.003,0.014159200614826808,1.5,2.4684271208963553,-0.02350553715542525
2023-03-24,-0.0007980866960150129,0.002923076923076923,-0.003721163619091936,1.4615384615384617,2.459241699697696,-0.027139232824807236
2023-03-31,0.037616071511000174,0.003076923076923078,0.0345391484340771,1.5384615384615388,2.5441818137988266,0.0
2023-04-10,0.0019702394627968602,0.0035384615384615385,-0.0015682220756646783,1.7692307692307692,2.5401919717139227,-0.0015682220756646492
2023-04-17,-0.007030567455704078,0.003230769230769231,-0.01026133668647331,1.6153846153846154,2.5141262066438896,-0.01181346670742045
2023-04-24,-0.013158099619058712,0.0030000000000000005,-0.016158099619058713,1.5000000000000002,2.4735027049420517,-0.02778068315457416
2023-05-01,-0.00012415450330072186,0.0030000000000000005,-0.0031241545033007224,1.5000000000000002,2.4657751003274804,-0.03081804651149278
2023-05-08,-0.0076617830149272245,0.003230769230769231,-0.010892552245696456,1.6153846153846154,2.438916516221026,-0.04137491157545248
2023-05-15,-0.0073919478780778486,0.003,-0.010391947878077849,1.5,2.413571422905474,-0.05133689352897808
2023-05-22,-0.11564590237385594,0.0030769230769230774,-0.11872282545077902,1.5384615384615385,2.1270254041508787,-0.16396485793013116
2023-05-30,0.07848369801725338,0.0023076923076923075,0.07617600570956108,1.1538461538461537,2.2890537034818577,-0.10027904017442302
2023-06-06,0.021257826272612322,0.0036153846153846154,0.017642441657227708,1.8076923076923077,2.329438199895797,-0.08440576563291546
2023-06-13,0.012908470303136455,0.0034615384615384616,0.009446931841597993,1.7307692307692308,2.351444243799427,-0.07575620930628957
2023-06-21,-0.022469556621455798,0.0033846153846153852,-0.025854172006071183,1.6923076923076925,2.290649599857551,-0.09965176724642799
2023-06-28,0.02314297893641644,0.002923076923076923,0.020219902013339515,1.4615384615384617,2.3369663103135663,-0.08144681420226729
2023-07-06,0.0261019832460385,0.003307692307692308,0.022794290938346194,1.653846153846154,2.390235800303967,-0.06050904564284898
2023-07-13,0.03217112160536682,0.003538461538461539,0.028632660066905284,1.7692307692307694,2.4586746094538183,-0.033608920510808105
2023-07-20,0.002391060896654846,0.0035384615384615385,-0.0011474006418066927,1.7692307692307692,2.455853524628937,-0.034717758255650266
2023-07-27,0.02601812485488588,0.0033846153846153852,0.022633509470270496,1.6923076923076925,2.511438108636223,-0.012870033495645639
2023-08-03,0.014861118642601203,0.0030769230769230774,0.011784195565678125,1.5384615384615385,2.5410333864594894,-0.0012375009216170074
2023-08-10,-0.014651409638079031,0.0033076923076923075,-0.017959101945771338,1.6538461538461537,2.495398708824455,-0.019174378462178954
2023-08-17,-0.014058154937094256,0.0027692307692307695,-0.016827385706325027,1.3846153846153848,2.4534076722600004,-0.03567910950644182
2023-08-24,-0.030880209864355655,0.002923076923076923,-0.03380328678743258,1.4615384615384617,2.3704744291081083,-0.06827632512290793
2023-08-31,0.014048363502887354,0.002538461538461539,0.011509901964425816,1.2692307692307694,2.397758357396321,-0.05755227696713794
2023-09-08,0.017323793351395764,0.003307692307692308,0.014016101043703455,1.653846153846154,2.4313655808119723,-0.04434283445270115
2023-09-15,0.020785119405467376,0.0036923076923076927,0.017092811713159684,1.8461538461538463,2.4729244548906486,-0.028007966459669187
2023-09-22,0.050351662491942034,0.0034615384615384616,0.046890124030403574,1.7307692307692308,2.588880189298289,0.0
2023-09-29,0.0132989665723652,0.003846153846153847,0.009452812726211353,1.9230769230769234,2.6133523888983246,0.0
2023-10-06,-0.016590477704216136,0.0030769230769230774,-0.019667400781139214,1.5384615384615385,2.5619545400835135,-0.019667400781139266
2023-10-13,0.014240650130061611,0.0028461538461538468,0.011394496283907764,1.4230769230769234,2.591146721570036,-0.00849700462234626
2023-10-20,0.00428860745606081,0.003538461538461539,0.0007501459175992707,1.7692307692307694,2.5930904597051225,-0.007753232698076151
2023-10-27,0.08101162975261604,0.0033076923076923084,0.07770393744492374,1.6538461538461542,2.794583798575078,0.0
2023-11-03,0.02636724049432329,0.0038461538461538464,0.022521086648169444,1.9230769230769231,2.857520862448358,0.0
2023-11-10,0.04805943972740207,0.0033846153846153852,0.04467482434278669,1.6923076923076925,2.9851801050340865,0.0
2023-11-17,0.0095468384057196,0.003846153846153847,0.005700684559565754,1.9230769230769234,3.0021976751663773,0.0
2023-11-27,0.018313180242141402,0.003538461538461539,0.014774718703679864,1.7692307692307694,3.0465543013098024,0.0
2023-12-04,-0.0069228783862546606,0.003230769230769231,-0.010153647617023892,1.6153846153846154,3.0156206624881743,-0.010153647617023864
2023-12-11,0.001734813070211158,0.0030769230769230774,-0.0013421100067119193,1.5384615384615385,3.011573367820602,-0.01148213031166434
2023-12-18,-0.019556117432788813,0.003307692307692308,-0.02286380974048112,1.653846153846154,2.9427173273192517,-0.03408341480928412
2023-12-26,0.019994297329621914,0.0026153846153846158,0.017378912714237298,1.307692307692308,2.9938585548934062,-0.01729683478602062
2024-01-03,0.027474730639046766,0.0033846153846153852,0.02409011525443138,1.6923076923076925,3.0659809525362536,0.0
2024-01-10,-0.05600940272120025,0.0036923076923076927,-0.05970171041350794,1.8461538461538463,2.882936645574603,-0.059701710413507914
2024-01-18,0.0032590986467689407,0.002307692307692308,0.0009514063390766328,1.153846153846154,2.885679489774359,-0.05880710466017247
2024-01-25,0.027229686112563545,0.0027692307692307695,0.024460455343332774,1.3846153846153848,2.956264524069156,-0.03578509787425044
2024-02-01,-0.004258925745906009,0.0034615384615384616,-0.007720464207444471,1.7307692307692308,2.9334407896233423,-0.04322928451439689
2024-02-08,-0.08018299871847899,0.0030769230769230774,-0.08325992179540206,1.5384615384615385,2.68920273888786,-0.12288993946185911
2024-02-15,0.019446859828076597,0.002923076923076923,0.016523782904999673,1.4615384615384617,2.7336385411327737,-0.10839676323773573
2024-02-23,-0.008123341783229657,0.003307692307692308,-0.011431034090921966,1.653846153846154,2.702390225776827,-0.11858871023274153
2024-03-01,-0.025341572008833205,0.003,-0.028341572008833204,1.5,2.6258002385970056,-0.1435692917710789
2024-03-08,0.010881509973950064,0.0028461538461538468,0.008035356127796217,1.4230769230769234,2.6468994786345847,-0.13668756603167886
2024-03-15,0.01320575863720127,0.0033076923076923084,0.009898066329508962,1.6538461538461542,2.6730986652416524,-0.12814244229717064
2024-03-22,0.005881767647911653,0.003307692307692308,0.0025740753402193448,1.653846153846154,2.6799794225978237,-0.12589821525770406
2024-04-01,0.016479707518398844,0.003230769230769231,0.013248938287629613,1.6153846153846154,2.7154863045799393,-0.11431729465454654
2024-04-08,-0.009264266624595114,0.003230769230769231,-0.012495035855364345,1.6153846153846154,2.681556205839462,-0.12538393181431418
2024-04-15,0.012752475305372199,0.003307692307692308,0.00944478299767989,1.653846153846154,2.7068829222996973,-0.11712337284401642
2024-04-22,0.0681285814661022,0.0033846153846153852,0.06474396608148682,1.6923076923076925,2.882137258407625,-0.05996243844129201
2024-04-29,0.0006392185104735237,0.003769230769230769,-0.0031300122587572454,1.8846153846153846,2.8731161334573883,-0.06290476753266283
2024-05-06,0.0186312118694998,0.003153846153846154,0.015477365715653646,1.576923076923077,2.9175844025984534,-0.048401001909370245
2024-05-13,0.01738220476231006,0.0028461538461538463,0.014536050916156215,1.4230769230769231,2.959994558026808,-0.034568510421361665
2024-05-20,-0.01914431556486987,0.003230769230769231,-0.022375084795639103,1.6153846153846154,2.893764428796328,-0.05617012186506376
2024-05-28,-0.024032072003458842,0.003,-0.02703207200345884,1.5,2.8155399803960575,-0.08168379908982326
2024-06-04,0.009230033107292972,0.002923076923076923,0.0063069561842160485,1.4615384615384617,2.8332974676873235,-0.07589201904742715
2024-06-11,-0.07395526449182405,0.003,-0.07695526449182405,1.5,2.6152603116774302,-0.1470069931406378
2024-06-18,0.0625631143813465,0.0023846153846153848,0.06017849899673111,1.1923076923076923,2.7726427517199013,-0.095675154333133
2024-06-26,-0.015716956259540678,0.003615384615384615,-0.019332340874925292,1.8076923076923075,2.7190410769192614,-0.11315787051122905
2024-07-03,0.037136055807941035,0.002923076923076923,0.03421297888486411,1.4615384615384617,2.8120675718709784,-0.08281635946082178
2024-07-11,0.008972764081408891,0.003538461538461539,0.005434302542947352,1.7692307692307694,2.8273491978277367,-0.07783210607069002
2024-07-18,-0.03713886856254156,0.003384615384615385,-0.04052348394715694,1.6923076923076923,2.7127751579965573,-0.11520156191691788
2024-07-25,-0.008747860370226483,0.0026923076923076926,-0.011440168062534176,1.3461538461538463,2.6817405542732087,-0.12532380475005622
2024-08-01,-0.034140734751076485,0.003,-0.03714073475107649,1.5,2.5821387396757425,-0.1578099213109152
2024-08-08,0.03120029095298047,0.003,0.02820029095298047,1.5,2.6549558034155605,-0.13405991605416956
2024-08-15,0.00837082606013558,0.003461538461538462,0.004909287598597118,1.730769230769231,2.6679897450160923,-0.12980876713892608
2024-08-22,-0.02193306447159796,0.003076923076923078,-0.02500998754852104,1.5384615384615388,2.601263354713658,-0.15157223903761374
2024-08-29,-0.030848240449796203,0.0027692307692307695,-0.03361747121902697,1.3846153846153848,2.513815458753462,-0.1800942348731902
2024-09-06,0.05588892087623827,0.002923076923076923,0.05296584395316135,1.4615384615384617,2.6469618160688424,-0.1366672340611863
2024-09-13,-0.0025628464258128023,0.003538461538461539,-0.006101307964274341,1.7692307692307694,2.6308118868593313,-0.14193469314182783
2024-09-20,-0.019096842823203165,0.003153846153846154,-0.022250688977049318,1.576923076923077,2.5722745098077002,-0.16102723740672542
2024-09-27,-0.0004474678389970875,0.003076923076923078,-0.0035243909159201653,1.5384615384615388,2.563208808892081,-0.1639841053899136
2024-10-04,-0.00115642377657031,0.003076923076923077,-0.004233346853493387,1.5384615384615383,2.5523578569461107,-0.16752325064683182
2024-10-11,-0.004790629183962611,0.0028461538461538468,-0.007636783030116457,1.4230769230769234,2.5328660537774,-0.17388069495925862
2024-10-18,0.008385396717054133,0.003,0.005385396717054133,1.5,2.5465065423081508,-0.16943171476599717
2024-10-25,-0.021578122477751073,0.0033846153846153844,-0.024962737862366458,1.692307692307692,2.482938767027711,-0.1901649731470889
2024-11-01,0.018671743591387766,0.003,0.015671743591387767,1.5,2.5218507467376856,-0.17747344625492545
2024-11-08,-0.05262260670765634,0.0028461538461538468,-0.055468760553810184,1.4230769230769234,2.3819668115144452,-0.2230979747137618
2024-11-15,0.05080402600126771,0.0026923076923076926,0.048111718308960015,1.3461538461538463,2.49656732777132,-0.1857198833195297
2024-11-22,0.01154273988019202,0.0033076923076923075,0.008235047572499713,1.6538461538461537,2.517126678483465,-0.17901424782132547
2024-12-02,-0.022474556797171485,0.0034615384615384616,-0.025936095258709945,1.7307692307692308,2.451842241172078,-0.20030741249587514
2024-12-09,-0.03133178200839441,0.0030000000000000005,-0.034331782008394415,1.5000000000000002,2.367666127829185,-0.22776228408379573
2024-12-16,0.016192764675183324,0.002923076923076923,0.0132696877521064,1.4615384615384617,2.3990843180467167,-0.21751493072318795
2024-12-23,-0.002710756428568515,0.003153846153846154,-0.005864602582414669,1.576923076923077,2.3850146419596694,-0.22210389468116964
2024-12-31,0.03535487829459337,0.003153846153846154,0.03220103214074722,1.576923076923077,2.461814575101566,-0.19705483719163575
2025-01-08,-0.020512007470217277,0.0034615384615384616,-0.023973545931755737,1.7307692307692308,2.4027961503099027,-0.21630427993290313
2025-01-16,0.014387351232062154,0.002769230769230769,0.011618120462831385,1.3846153846153846,2.4307121254318305,-0.2071992086509583
2025-01-24,0.0012067248257351193,0.0033076923076923075,-0.002100967481957188,1.6538461538461537,2.425605278298299,-0.20886485733325255
2025-01-31,-0.005349544042996654,0.003538461538461539,-0.008888005581458193,1.7692307692307694,2.4040464850463694,-0.2158964708969624
2025-02-07,-0.015441636231136669,0.0033076923076923084,-0.018749328538828977,1.6538461538461542,2.358972227675618,-0.23059788557257044
2025-02-14,-0.007088178936810586,0.003153846153846154,-0.010242025090656741,1.576923076923077,2.334811574931602,-0.23847812133334045
2025-02-24,0.0016380549714400255,0.002923076923076923,-0.0012850219516368977,1.4615384615384617,2.331811290804879,-0.23945669366407896
2025-03-03,0.013692066987129,0.003153846153846154,0.010538220833282845,1.576923076923077,2.356384433128923,-0.23144192034863587
2025-03-10,0.057118189921203696,0.003230769230769231,0.053887420690434465,1.6153846153846154,2.4833639123853324,-0.1900263077854304
2025-03-17,0.007865578361362972,0.0033846153846153852,0.004480962976747587,1.6923076923076925,2.494491774134522,-0.18639684565847747
2025-03-24,0.028921989116697442,0.0033846153846153852,0.025537373732082057,1.6923076923076925,2.5581945428421995,-0.1656195578364572
2025-03-31,-0.03076665316292998,0.003307692307692308,-0.03407434547062229,1.653846153846154,2.4710257382083336,-0.19405052527666833
2025-04-07,-0.0010580228926867713,0.0026153846153846158,-0.003673407508071387,1.307692307692308,2.461948653708961,-0.19701110612824335
2025-04-14,0.0009017839030062615,0.003307692307692308,-0.0024059084046860464,1.653846153846154,2.4560254307510974,-0.1989430238568789
2025-04-22,0.03563331432462942,0.003153846153846154,0.03247946817078327,1.576923076923077,2.5357958305558115,-0.17292511929725463
2025-04-29,0.03731373841040976,0.0036923076923076927,0.03362143071810207,1.8461538461538463,2.6210529143880956,-0.14511767849702484
2025-05-06,0.052890506978938254,0.003461538461538462,0.04942896851739979,1.730769230769231,2.7506088563758238,-0.10286172714137265
2025-05-13,0.02530647236824576,0.0033846153846153852,0.021921856983630375,1.6923076923076925,2.8109073103432016,-0.0831947902292246
2025-05-20,-0.01313851587963039,0.0033846153846153852,-0.016523131264245774,1.6923076923076925,2.7644623198827727,-0.09834328305401163
2025-05-28,-0.010991664622925043,0.0027692307692307695,-0.013760895392155813,1.3846153846153848,2.7264208430833095,-0.11075088681554002
2025-06-04,0.006467402014913819,0.003076923076923078,0.0033904789379907412,1.5384615384615388,2.7356647155278826,-0.10773590642666109
2025-06-11,-0.011768251385142696,0.0030000000000000005,-0.014768251385142697,1.5000000000000002,2.695263731303502,-0.12091308686248858
2025-06-18,-0.02688939264954767,0.0033076923076923084,-0.03019708495723998,1.6538461538461542,2.6138746234271624,-0.14745894906329993
2025-06-26,0.015594390716279318,0.0026153846153846153,0.012979006100894704,1.3076923076923077,2.6478001181115975,-0.13639381356192926
2025-07-03,0.012995458034368459,0.003615384615384616,0.009380073418983843,1.807692307692308,2.6726366776182786,-0.12829312412805138
2025-07-11,-0.0029471744930329447,0.0033076923076923084,-0.006254866800725253,1.6538461538461542,2.655919691193043,-0.13374553452590687
2025-07-18,-0.004637022581672086,0.003307692307692308,-0.007944714889364393,1.653846153846154,2.6348191664774654,-0.14062767927573738
2025-07-25,0.03512146102478663,0.0028461538461538463,0.032275307178632785,1.4230769230769231,2.7198587644356746,-0.1128911736435474
2025-08-01,-0.013138411477929327,0.003307692307692308,-0.016446103785621634,1.653846153846154,2.675127684913533,-0.1274806574709466
2025-08-08,0.026165740359178763,0.002846153846153846,0.023319586513024917,1.423076923076923,2.7375105563952618,-0.10713386717855278
2025-08-15,-0.02699484128331605,0.003538461538461539,-0.03053330282177759,1.7692307692307694,2.6539253175990325,-0.1343960191912995
2025-08-22,-0.008432838709720291,0.0026923076923076926,-0.011125146402027983,1.3461538461538463,2.6244000099006946,-0.14402599020397455
2025-08-29,-0.04979235798992469,0.003153846153846154,-0.052946204143770846,1.576923076923077,2.4854479912215783,-0.18934656486839696
2025-09-08,-0.03535235960587478,0.002769230769230769,-0.03812159037510555,1.3846153846153846,2.3906987610016004,-0.22024996305865618
2025-09-15,0.01637244974305615,0.0027692307692307695,0.013603218973825378,1.3846153846153848,2.423219959747958,-0.20964285256129467
2025-09-22,-0.008966162463638495,0.003230769230769231,-0.012196931694407727,1.6153846153846154,2.3936641114183868,-0.2192827847027915
2025-09-29,0.025001650480077263,0.003153846153846154,0.02184780432623111,1.576923076923077,2.4459604165473774,-0.2022258277488581
2025-10-06,0.0019229985109337107,0.0034615384615384616,-0.001538539950604751,1.7307692307692308,2.4421972087289214,-0.20345323518442704
2025-10-13,0.01963039064095006,0.0032307692307692315,0.01639962141018083,1.6153846153846156,2.4822483183610764,-0.19039016980594725
2025-10-20,0.017369937074310376,0.0033076923076923075,0.01406224476661807,1.6538461538461537,2.517154301785396,-0.1790052382082984
2025-10-27,-0.038624839956315105,0.003307692307692308,-0.041932532264007415,1.653846153846154,2.411603647812295,-0.21343162754571
2025-11-03,-0.024230690608686548,0.002923076923076923,-0.027153767531763472,1.4615384615384617,2.346119522980847,-0.23478992227917128
2025-11-10,0.007336855725487273,0.003,0.004336855725487273,1.5,2.356294304866764,-0.23147131657240716
2025-11-17,0.0017418379819059992,0.002923076923076923,-0.001181238941170924,1.4615384615384617,2.353510958276996,-0.23237913258067866
2025-11-24,-0.016688214747007636,0.0030769230769230774,-0.019765137823930714,1.5384615384615385,2.3069934898165196,-0.24755126482174694
